NAME,G
Abel,M
Abella,F
Acel,M
Aceline,F
Adalene,F
Adalicia,F
Adalie,F
Adaliz,F
Adalyn,F
Addie,F
Adela,F
Adelaide,F
Adele,F
Adelia,F
Adelina,F
Adeline,F
Adelisa,F
Adelise,F
Adelle,F
Adelynn,F
Adilene,F
Adorlee,F
Adreanna,F
Adriane,F
Adrianna,F
Adrianne,F
Adrien,M
Adriene,F
Adrienne,F
Advent,M
Afrodille,F
Agathe,F
Agrican,M
Aida,F
Aiglentina,F
Aiglentine,F
Aimee,F
Alain,M
Alaine,F
Alair,F
Albaric,M
Albert,M
Albertina,F
Aldrich,M
Aldrick,M
Aleron,M
Alexandre,M
Alexandrine,F
Alexis,F
Alfred,M
Algrenon,M
Alhertine,F
Alisanne,F
Alita,F
Alix,F
Alixandra,F
Allaire,F
Alleffra,F
Allete,F
Allison,F
Allyson,F
Aloin,M
Alsatia,F
Aluin,M
Alyson,F
Alyssandra,F
Amabella,F
Amabelle,F
Amalie,F
Amarante,F
Amata,F
Amaud,M
Amaury,M
Ambra,F
Ambre,F
Ambroise,M
Amedee,F
Amelie,F
Ames,M
Ami,F
Amia,F
Amie,F
Amite,F
Amitee,F
Amity,F
Amo,M
Amou,M
Amoux,M
Amy,F
Ancelin,F
Ancelina,F
Ancil,M
Andre,M
Andrea,F
Andree,F
Andy,M
Ange,F
Angela,F
Angeletta,F
Angelette,F
Angelika,F
Angelina,F
Angeline,F
Angelique,F
Angilia,F
Anne,F
Annette,F
Ansel,M
Ansell,M
Anselme,M
Antoine,M
Antoinette,F
Apollina,F
Apolline,F
Aramis,M
Arber,M
Arcene,F
Archaimbaud,M
Archambault,M
Archard,M
Archenhaud,M
Archer,M
Ariane,F
Ariele,F
Arielle,F
Arjean,F
Arleta,F
Arletta,F
Arlette,F
Armand,M
Arnaud,M
Aron,M
Artus,M
Auberta,F
Aubin,M
Aubina,F
Aubine,F
Aubree,F
Aubrey,F
Aubrey,M
Aubriana,F
Aubrianne,F
Aubrie,F
Aubry,F
Aubry,M
Auda,F
Aude,F
Audra,F
Audree,F
Audric,M
Augustin,M
Auhert,M
Aurelien,M
Auriville,M
Aurore,F
Austen,M
Austin,M
Austina,F
Austine,F
Austyn,M
Avelaine,F
Aveline,F
Avenall,M
Aveneil,M
Avenelle,M
Avent,M
Avery,M
Avice,F
Azura,F
Azure,F
Azurine,F
Babette,F
Bailee,F
Bailey,F
Bailey,M
Baptiste,M
Barnabe,M
Baron,M
Barrie,M
Barry,M
Barthelemy,M
Bartlett,M
Basile,M
Bay,M
Bayard,M
Baylee,F
Baylen,M
Bayley,M
Bayley,F
Baylie,F
Beal,M
Beale,M
Beall,M
Beau,M
Beaufort,M
Beauvais,M
Bel,F
Belda,F
Bell,M
Bellamy,M
Belle,F
Benjamin,M
Benoit,M
Berangaria,F
Berdine,F
Berenice,F
Bernadea,F
Bernadette,F
Bernadina,F
Bernadine,F
Bernard,M
Bernarda,F
Berneen,F
Bernelle,F
Bernetta,F
Bernette,F
Bernice,F
Berniss,F
Bernita,F
Bernyce,F
Berthe,F
Bertram,M
Bertrand,M
Bette,F
Bettine,F
Bevis,M
Blais,M
Blaisdell,M
Blaise,M
Blaize,M
Blanch,F
Blanche,F
Blanchefleur,F
Blase,M
Blayze,M
Blaze,M
Blondell,F
Blondelle,F
Blondene,F
Bonnie,F
Bonny,F
Boone,M
Boyce,M
Bret,F
Brett,F
Bretta,F
Brettany,F
Brette,F
Brice,M
Bridgett,F
Bridgette,F
Brigette,F
Brigitte,F
Bruce,M
Brucie,F
Brunella,F
Brunelle,M
Bruno,M
Bryant,M
Brys,M
Buiron,M
Burcet,M
Burdett,M
Burdette,M
Burel,M
Burkett,M
Burnell,M
Burrell,M
Byron,M
Cadence,F
Cadencia,F
Caine,M
Calandre,F
Calantha,F
Calanthe,F
Camila,F
Camile,F
Camilla,F
Camillei,F
Cammi,F
Campbell,M
Candide,F
Capucina,F
Capucine,F
Carel,M
Caress,F
Caressa,F
Caresse,F
Carina,F
Carine,F
Carlo,M
Carlos,M
Carlotta,F
Carnation,F
Carol,F
Carola,F
Carole,F
Carolina,F
Caroline,F
Carolos,M
Carolus,M
Carressa,F
Carvell,M
Cateline,F
Cearbhall,M
Cecile,F
Cecille,F
Celesse,F
Celeste,F
Celestia,F
Celestiel,F
Celestine,F
Celestyna,F
Celie,F
Celine,F
Cendrillon,F
Cerise,F
Chance,M
Chandler,M
Chane,M
Chanel,F
Chanell,F
Chanelle,F
Chaney,M
Chanler,M
Channelle,F
Channing,M
Chantae,F
Chantal,F
Chantalle,F
Chantay,F
Chante,F
Chantel,F
Chantell,F
Chantelle,F
Chantrell,F
Chapin,M
Chappel,M
Chappell,M
Chardae,F
Charee,F
Charlaine,F
Charlayne,F
Charleen,F
Charleena,F
Charlena,F
Charlene,F
Charles,M
Charlette,F
Charline,F
Charlisa,F
Charlita,F
Charlot,M
Charlotta,F
Charlotte,F
Charmain,F
Charmaine,F
Charmayne,F
Charmine,F
Chaunce,M
Chauncey,M
Chauncy,M
Chaunte,F
Chauntel,F
Chayne,M
Chenelle,F
Cheney,M
Cher,F
Chere,F
Cheree,F
Chereen,F
Cherell,F
Cherelle,F
Cheri,F
Cherie,F
Cherina,F
Cherine,F
Cherise,F
Cherita,F
Cherree,F
Cherrelle,F
Cherry,F
Cheval,M
Chevalier,M
Chevell,M
Chevy,M
Cheyanna,F
Cheyanne,F
Cheyenne,F
Cheyne,M
Chiana,F
Chianna,F
Choncey,M
Christian,M
Christiane,F
Christien,M
Christine,F
Christofor,M
Christophe,M
Cinderella,F
Clair,F
Claire,F
Clara,F
Clare,F
Clarette,F
Claribel,F
Clarice,F
Clarinda,F
Clarisse,F
Clarita,F
Claude,M
Claudette,F
Claudine,F
Clemence,F
Clement,M
Clementina,F
Clementine,F
Clovis,M
Coco,F
Colan,M
Colbert,M
Colbey,M
Coletta,F
Colette,F
Colin,M
Colletta,F
Collette,F
Collin,M
Collins,M
Colyn,M
Comfort,F
Comforte,F
Constance,F
Constancia,F
Constant,M
Coralie,F
Corben,M
Corbett,M
Corbin,M
Corby,M
Corbyn,M
Coretta,F
Corette,F
Corinne,F
Cort,M
Cortland,M
Cortney,F
Corvin,M
Cosette,F
Court,M
Courtenay,M
Courtland,M
Courtlyn,F
Courtnay,M
Courtney,M
Courtney,F
Coyan,M
Coyne,M
Creissant,F
Crescent,F
Cretien,M
Curcio,M
Curt,M
Curtice,M
Curtis,M
Curtiss,M
Cyprien,M
Cyrano,M
Cyril,M
Dace,M
Dacey,M
Dacian,M
Daine,M
Daisi,F
Damia,F
Damiana,F
Damiane,F
Damien,F
Damien,M
Daniel,M
Danton,M
Darcel,M
Darcel,F
Darcell,F
Darcell,M
Darcelle,F
Darcey,F
Darchelle,F
Darci,F
Darcia,F
Darcie,F
Darcio,M
Darcy,M
Darcy,F
D'Arcy,F
D'Arcy,M
Dareau,M
Dariel,M
Dariell,M
Darrell,M
Darroll,M
Dartagnan,M
Darvell,M
Daveney,F
Davet,M
David,M
Davin,M
Dax,M
Dayne,M
Del,M
Delaine,M
Delancy,M
Delane,M
Delaney,M
Delano,M
Delight,F
Delit,F
Delmar,M
Delmare,F
Delmer,M
Delmon,M
Delmont,M
Delmore,M
Delphine,F
Delray,M
Delrick,M
Delrico,M
Delron,M
Delroy,M
Denice,F
Deniece,F
Denis,M
Denise,F
Denisha,F
Denissa,F
Denisse,F
Dennet,M
Dennis,M
Dennise,F
Denver,M
Denys,M
Denyse,F
Deon,M
Derell,M
Derrall,M
Derrell,M
Derrill,M
Desarae,F
Desaree,F
Desideria,F
Desirae,F
Desirat,F
Desire,F
Desire,M
Desiree,F
Destan,M
Destanee,F
Destin,M
Destine,F
Destinee,F
Destini,F
Destinie,F
Destiny,F
Deston,M
Destrey,M
Destrie,M
Destry,M
Devan,F
Devana,F
Devanna,F
Deveral,M
Devere,M
Devereau,M
Devereaux,M
Deverel,M
Deverell,M
Deverick,M
Devery,M
Devin,M
Devin,F
Devona,F
Devondra,F
Devonna,F
Devonne,F
Devry,M
Devyn,F
Devynn,F
Dezirae,F
Deziree,F
Di,F
Diahann,F
Diahna,F
Diamanta,F
Dian,F
Diana,F
Diandra,F
Diandre,M
Diane,F
Dianna,F
Diannah,F
Dianne,F
Didier,M
Dilan,M
Dillen,M
Dillon,M
Dimitri,M
Dion,M
Diondre,M
Dionte,M
Dior,F
Dix,M
Dixie,F
Domenique,F
Dominique,F
Dominique,M
Donatien,M
Dondre,M
D'or,F
Dore,F
Doreen,F
Dorene,F
Dorine,F
Dory,F
Drago,M
Dru,M
Dumont,M
Duran,M
Durand,M
Durango,M
Durant,M
Durante,M
Dureau,M
Duron,M
Durrant,M
Duval,M
Dyana,F
Dyann,F
Dyanna,F
Edgard,M
Edmee,F
Edmon,M
Edmond,M
Edmund,M
Edmundo,M
Edouard,M
Eduard,M
Eglantina,F
Eglantine,F
Elaina,F
Elaine,F
Elayna,F
Eleanor,F
Eleonore,F
Eleta,F
Eliane,F
Elicia,F
Elienor,F
Elinore,F
Eliot,M
Eliott,M
Elisa,F
Elisabeth,F
Elisamarie,F
Elise,F
Elisha,F
Elishia,F
Elita,F
Eliza,F
Ella,F
Ellaine,F
Ellayne,F
Ellinor,F
Elliot,M
Eloisa,F
Eloise,F
Eloisee,F
Eloy,M
Emeline,F
Emeraude,F
Emile,M
Emmaline,F
Emmalyn,F
Emmeline,F
Emmy,F
Eric,M
Eriq,M
Ernest,M
Esme,F
Esmeraude,F
Esperanza,F
Estee,F
Estelle,F
Etienne,M
Eugene,M
Eugenia,F
Eugenie,F
Eulalie,F
Evelyn,F
Evon,F
Evonna,F
Evonne,F
Evony,F
Fabien,M
Fabienne,F
Fabrice,M
Fae,F
Fanchon,F
Fanchone,F
Fanetta,F
Fanette,F
Fantina,F
Fantine,F
Faun,F
Fauna,F
Faunia,F
Favor,F
Fawnia,F
Fay,F
Fayanna,F
Faye,F
Fayette,F
Fayme,F
Fealty,F
Felecia,F
Felicia,F
Felicienne,F
Felicity,F
Felix,M
Fernand,M
Fifi,F
Fifine,F
Filicia,F
Firman,M
Fitz,M
Fitzgerald,M
Fitzhugh,M
Fitzpatrick,M
Fletcher,M
Fleur,F
Fleurette,F
Florentin,M
Floressa,F
Floretta,F
Flori,F
Floria,F
Florian,M
Floriana,F
Florida,F
Florinda,F
Florrie,F
Florus,M
Fontaine,M
Fontane,M
Fontanne,F
Fontayne,M
Fonteyne,M
Forrest,M
Fortun,M
Fortune,M
France,F
Francena,F
Francene,F
Francille,F
Francina,F
Francine,F
Francois,M
Francoise,F
Frank,M
Frankie,M
Franky,M
Frederic,M
Freman,M
Fremont,M
Gabrielle,F
Gace,M
Gaetan,M
Gaetana,F
Gaetane,F
Gala,F
Galatee,F
Galla,F
Gallia,F
Garan,M
Gard,M
Gardiner,M
Gardner,M
Garen,M
Garin,M
Garion,M
Garlan,M
Garland,M
Garland,F
Garlen,M
Garlyn,M
Garnell,M
Garner,M
Garnet,M
Garnet,F
Garon,M
Garren,M
Garrin,M
Garron,M
Gascon,M
Gaspar,M
Gaspard,M
Gaston,M
Gaston,M
Gauthier,M
Gautier,M
Gay,F
Geffrey,M
Gemma,F
Geneva,F
Geneve,F
Genevie,F
Genevieve,F
Genevre,F
Genivee,F
Geoff,M
Geoffrey,M
Geoffroy,M
Georges,M
Georgette,F
Georgine,F
Georgitte,F
Gerald,M
Gerard,M
Germain,M
Germain,F
Germaine,F
Germana,F
Germano,M
Geron,M
Gerrard,M
Gifford,M
Gil,M
Gilbert,M
Gill,M
Gilles,M
Gisella,F
Giselle,F
Granville,M
Gregoire,M
Grenville,M
Grosvenor,M
Guifford,M
Guillaume,M
Gustav,M
Gustave,M
Guy,M
Halette,F
Hamilton,M
Hanrietta,F
Hanriette,F
Harbin,M
Harcourt,M
Hardouin,M
Harman,M
Harmen,M
Harmon,M
Harriet,F
Harriett,F
Harrietta,F
Harriette,F
Hedvige,F
Helaine,F
Helene,F
Heloise,F
Henri,M
Henrietta,F
Henriette,F
Henry,M
Herbert,M
Herve,M
Hettie,F
Hilaire,F
Holly,F
Honore,F
Hubert,M
Huette,F
Hugette,F
Hugh,M
Huguetta,F
Hyacinthe,M
Ignace,M
Ila,F
Isaak,M
Isabeau,F
Isidore,M
Iva,F
Iven,M
Ivonne,F
Jacalyn,F
Jacinthe,F
Jacqualine,F
Jacqueleen,F
Jacquelin,M
Jacqueline,F
Jacquelyn,F
Jacquelyne,F
Jacquelynne,F
Jacquenetta,F
Jacquenette,F
Jacques,M
Jaquelin,F
Jaques,M
Jasmeen,F
Jasmin,F
Jasmyne,F
Jasper,M
Javier,M
Jay,M
Jaye,M
Jazmine,F
Jazzmine,F
Jazzmyn,F
Jean,F
Jean,M
Jean Baptiste,M
Jeana,F
Jeane,F
Jeanee,F
Jeanetta,F
Jeanette,F
Jeanice,F
Jeanie,F
Jeanina,F
Jeanine,F
Jeanna,F
Jeanne,F
Jeannette,F
Jeannie,F
Jeannine,F
Jeena,F
Jeffrey,M
Jehane,F
Jenette,F
Jenina,F
Jenine,F
Jennine,F
Jeoffroi,M
Jerard,M
Jeremie,M
Jerome,M
Jesper,M
Jessamina,F
Jessamine,F
Jessamyn,F
Jewel,F
Jineen,F
Joanna,F
Joanne,F
Jocelina,F
Joceline,F
Jocelyn,F
Jocelyn,M
Jocelyne,F
Jocelynn,F
Joel,M
Joeliyn,F
Joell,F
Joella,F
Joelle,F
Joellen,F
Johnn,M
Johnnie,M
Johnny,M
John-paul,M
Johnson,M
Joi,F
Joia,F
Joie,F
Jolee,F
Joleigh,F
Joli,F
Jolie,F
Jolie,M
Jon,M
Jonn,M
Jonnie,M
Jordane,F
Jorden,M
Jordon,M
Josalyn,F
Josalynn,F
Joscelyn,F
Joseph,M
Josepha,F
Josephe,F
Josephina,F
Josephine,F
Josette,F
Josilyn,F
Joslin,F
Joslyn,F
Jourdan,M
Joy,M
Joy,F
Joya,F
Joyann,F
Joyanna,F
Joyanne,F
Joyelle,F
Jozlyn,F
Jule,F
Julee,F
Juleen,F
Jules,M
Julia,F
Julian,M
Julie,F
Julien,M
Julienne,F
Juliet,F
Julietta,F
Juliette,F
Julita,F
Julius,M
Jullien,M
Justeen,F
Justin,M
Justyne,F
Kaarle,M
Kaarlo,M
Kalle,M
Kalman,M
Kamille,F
Karcsi,F
Karcsi,M
Karel,M
Kari,M
Kari,F
Karl,M
Karla,F
Karlens,M
Karlis,M
Karlitis,M
Karlotta,F
Karolina,F
Karoline,F
Karoly,F
Karoly,M
Katriane,F
Kerman,M
La Row,F
La Vergne,F
La Verne,F
Lace,F
Lacee,F
Lacene,F
Lacey,F
Laci,F
Laciann,F
Lacie,F
Lacina,F
Lacy,F
Lacyann,F
Lafayette,M
Lamar,M
Lamarr,M
Lance,M
Lancelin,M
Lancelot,M
Landers,M
Landis,M
Landry,M
Langley,M
L'Angley,M
Laramie,M
Larue,M
Lasalle,M
Latimer,M
Launcelot,M
Laurel,F
Lauren,F
Laurene,F
Laurent,M
Laurette,F
Lavern,F
Laverna,F
Laverne,F
Lavernia,F
Laycie,F
Leal,M
Leala,F
Lealia,F
Leandre,M
Leeroy,M
Legget,M
Lela,F
Lenard,M
Lennard,M
Leo,M
Leocadie,M
Leodegrance,M
Leola,F
Leon,M
Leona,F
Leonard,M
Leonarda,F
Leonce,M
Leonda,F
Leondra,F
Leondrea,F
Leone,F
Leone,M
Leonela,F
Leonelle,F
Leonie,F
Leonore,F
Leonore,M
Leontina,F
Leroi,M
Leron,M
Leroux,M
Leroy,M
Letje,F
Letya,F
Leveret,M
Leverett,M
Liana,F
Liane,F
Liealia,F
Lili,F
Liliane,F
Linette,F
Lionel,M
Lionell,M
Liriene,F
Lirienne,F
Lise,F
Lisle,M
Lissette,F
Logestilla,F
Logistilla,F
Lonell,M
Lonnell,M
Loraina,F
Loraine,F
Lorayne,F
Lorin,F
Loring,M
Lorraina,F
Lorraine,F
Lothair,M
Lotye,F
Louella,F
Louis,M
Louisa,F
Louise,F
Louvel,M
Lovell,M
Lowe,M
Lowell,M
Loyal,M
Luc,M
Lucette,F
Lucian,M
Lucie,F
Lucien,M
Lucienne,F
Lucile,F
Lucille,F
Lucrece,F
Lundy,F
Lyle,M
Lynnette,F
Lyonette,F
Lyra,F
Lyric,F
Mabelle,F
Macee,F
Macey,F
Macy,F
Madalene,F
Maddy,F
Madeleina,F
Madeleine,F
Madelina,F
Madeline,F
Madelon,F
Madelon,M
Madie,F
Madolen,F
Mae,F
Maelee,F
Maelynn,F
Magnolia,F
Mahieu,M
Mai,F
Maia,F
Mailhairer,M
Maiolaine,F
Maiya,F
Majori,F
Malleville,M
Mallory,M
Mallory,F
Mandel,M
Manette,F
Manneville,M
Manon,F
Mantel,M
Manville,M
Marc,M
Marceau,M
Marcel,M
Marcella,F
Marcelle,F
Marcellia,F
Marchelle,F
Maree,F
Margaux,F
Margeaux,F
Margery,F
Margo,F
Margot,F
Marguerite,F
Maria,F
Mariah,F
Marian,F
Mariane,F
Marianne,F
Marie,F
Mariele,F
Marielle,F
Marietta,F
Mariette,F
Marius,M
Marjolaina,F
Markey,M
Marlon,M
Marmion,M
Marq,M
Marque,M
Marquis,M
Marquisa,F
Marquise,F
Marquisha,F
Marsh,M
Marshal,M
Marshall,M
Marteena,F
Marveille,F
Marvel,F
Marvella,F
Marvelle,F
Maryl,F
Maslin,M
Mason,M
Masselin,M
Masson,M
Mathieu,M
Mathilda,F
Mathilde,F
Matilda,F
Matilde,F
Matthieu,M
Mattie,F
Matty,F
Maud,F
Maude,F
Maura,F
Maureen,F
Maurelle,F
Maurice,M
Maurina,F
Maurine,F
Mavis,F
Mavise,F
Maxime,M
Mayhew,M
Maynard,M
Mayne,M
Maynor,M
Melaina,F
Melaine,F
Melanee,F
Melanie,F
Melisande,F
Melodie,F
Melusina,F
Melville,M
Mercer,M
Mercer,F
Merci,F
Mercy,F
Merla,F
Merle,M
Merlin,M
Merlion,M
Merlyn,F
Merryl,F
Meryl,F
Michel,M
Michela,F
Michele,F
Michele,M
Michella,F
Michelle,F
Mignon,F
Mignonette,F
Mikel,M
Millard,M
Millicent,F
Millicente,F
Millie,F
Mimi,F
Minetta,F
Minette,F
Minna,F
Minnie,F
Miquel,M
Mirabella,F
Mirabelle,F
Mireille,F
Mirla,F
Mistique,F
Moniqua,F
Monique,F
Montague,M
Montaigu,M
Montaine,M
Montgomery,M
Moor,M
Moore,M
More,M
Moreen,F
Morell,M
Musetta,F
Musette,F
Mychele,F
Mychelle,F
Myrla,F
Mystique,F
Nacisse,M
Nadeen,F
Nadine,F
Nan,F
Nancey,F
Nanci,F
Nancie,F
Nancy,F
Nanette,F
Nanine,F
Nann,F
Nann,M
Nannette,F
Nanon,F
Napoleon,M
Natalee,F
Natalie,F
Natalii,F
Nathalee,F
Nathalia,F
Nathalia,M
Nathalie,F
Nathaly,F
Nathanael,M
Natuche,F
Navarre,M
Neuveville,M
Neville,M
Nichol,M
Nichol,F
Nichole,F
Nicola,F
Nicolas,M
Nicolette,F
Ninette,F
Ninon,F
Noe,M
Noel,M
Noel,F
Noele,F
Noell,F
Noell,M
Noella,F
Noelle,F
Noemie,F
Noreis,M
Norice,M
Norm,M
Norman,M
Normand,M
Norris,M
Nouel,M
Nynette,F
Octave,M
Odeletta,F
Odelette,F
Odette,F
Odila,F
Odile,F
Odo,M
Oliver,M
Olivier,M
Olympe,F
Olympia,F
Onfroi,M
ONille,M
Ophelia,F
Ophelie,F
Orane,F
Oriel,F
Orlena,F
Orlene,F
Orlina,F
Orson,M
Orva,F
Orvelle,M
Orvil,M
Orville,M
Ourson,M
Padgett,M
Page,M
Page,F
Paget,M
Paien,M
Paige,M
Paige,F
Pansy,F
Parfait,M
Paris,M
Parnella,F
Pascal,M
Pascala,F
Pascale,F
Pascaline,F
Pasclina,F
Pascual,M
Pasquale,M
Patience,F
Patric,M
Patrice,M
Patrice,F
Paul,M
Paulin,M
Pensee,F
Pepperell,M
Peppin,M
Perceval,M
Percival,M
Percy,M
Perren,M
Perrin,M
Perry,M
Perryn,M
Peverell,M
Philip,M
Philippe,M
Phillipa,F
Phillipe,M
Pierpont,M
Pierre,M
Pierrepont,M
Pierretta,F
Pierrette,F
Piers,M
Piperel,M
Pippin,M
Plat,M
Platt,M
Pomeroy,M
Pommelraie,M
Porter,M
Porteur,M
Portier,M
Preruet,M
Prewitt,M
Priour,M
Prosper,M
Pruet,M
Pruie,M
Pruitt,M
Prunella,F
Prunellie,F
Pryor,M
Quennel,M
Quent,M
Quentin,M
Quenton,M
Quentrell,M
Quesnel,M
Quincey,M
Quincy,M
Quint,M
Quinton,M
Quintrell,M
Rachelle,F
Raimond,M
Raimundo,M
Raina,F
Rainger,M
Rainier,M
Raison,F
Raissa,F
Ramond,M
Ranger,M
Ranier,M
Raoul,M
Ray,M
Rayce,M
Rayder,M
Raydon,M
Rayford,M
Raylen,M
Raymond,M
Raymund,M
Raymundo,M
Raynard,M
Raynell,M
Reina,F
Reine,F
Remi,M
Remy,M
Renard,M
Renaud,M
Rene,M
Rene,F
Renee,F
Renne,M
Rennie,M
Renny,M
Reule,M
Reve,M
Rey,M
Reymond,M
Reymundo,M
Reynard,M
Ricard,M
Richard,M
Richardo,M
Rique,M
Riva,F
Rive,F
Rob,M
Robb,M
Robbie,M
Robby,M
Robert,M
Robinetta,F
Robinette,F
Roch,M
Roche,M
Rocke,M
Rodel,M
Rodell,M
Roel,M
Roesia,F
Rohais,F
Roi,M
Roial,F
Roland,M
Rolando,M
Rollan,M
Rolland,M
Rollie,M
Rollo,M
Romain,M
Romaine,F
Romana,F
Rosamonde,F
Rose,F
Roselin,M
Roselyn,M
Rosemaria,F
Rosemarie,F
Rosiyn,M
Roslin,M
Rosselin,M
Rosselyn,M
Rousse,M
Roussel,M
Rousset,M
Rousskin,M
Roux,F
Rowland,M
Roxane,F
Roxanne,F
Roy,M
Royal,M
Royale,F
Royce,M
Royden,M
Rubie,F
Ruby,F
Ruelle,M
Ruff,M
Ruffe,M
Rui,M
Rule,M
Rush,M
Rushe,M
Rushkin,M
Russ,M
Russel,M
Russell,M
Rust,M
Saber,M
Sage,M
Samuel,M
Sargent,M
Satordi,M
Saul,M
Sauville,M
Saville,M
Searlait,F
Searlas,M
Searle,M
Searlus,M
Sebastien,M
Seignour,M
Senet,M
Senior,M
Sennet,M
Serge,M
Severin,M
Sevrin,M
Seymour,M
Sibyla,F
Sid,M
Sidney,M
Sidonia,F
Sidonie,F
Silana,F
Silvestre,M
Simon,M
Simone,F
Sinclair,M
Sinclaire,M
Sinjin,M
Slainie,F
Slania,F
Slanie,F
Solaina,F
Solaine,F
Solange,F
Somer,M
Somerville,M
Sorel,M
Soren,M
Sorrell,M
Stefania,F
Stephan,M
Stephane,M
Stephanie,F
Sumarville,M
Sumner,M
Susanne,F
Suzanne,F
Suzette,F
Syd,M
Sydnee,F
Sydney,F
Sydney,M
Sylvain,M
Sylvestre,M
Taillefer,M
Talbot,M
Talehot,M
Tallis,F
Talon,M
Tanguy,M
Tavin,M
Taylor,M
Tearlach,M
Telfer,M
Telfor,M
Telford,M
Telfour,M
Tempeste,F
Theon,M
Therese,F
Theron,M
Therron,M
Thibaud,M
Thibault,M
Thieny,M
Thierry,M
Thomas,M
Tibault,M
Tiffanie,F
Tiffney,F
Tilda,F
Tilly,F
Toussnint,M
Trace,M
Tracy,M
Tracy,F
Travers,M
Travis,M
Treves,M
Trinetta,F
Trinette,F
Tristan,M
Tristen,M
Tristian,M
Tristin,M
Troy,M
Troyes,M
Turner,M
Tyce,M
Tyeis,M
Tyeson,M
Tyson,M
Ulrich,M
Urbain,M
Vachel,M
Vafara,F
Vail,M
Valentin,M
Valeraine,F
Valere,F
Valerie,F
Valiant,M
Vallis,M
Vallois,M
Vardan,M
Varden,M
Vardon,M
Vayle,M
Vedetta,F
Vedette,F
Verddun,M
Verdell,M
Verel,M
Vern,M
Vernay,M
Verne,M
Vernell,M
Verney,M
Vernon,M
Veronique,F
Verrall,M
Verrell,M
Verrill,M
Veryl,M
Vic,M
Vick,M
Vicq,M
Victor,M
Victorina,F
Victorine,F
Vidal,M
Videl,M
Vignetta,F
Vignette,F
Villetta,F
Villette,F
Vincent,M
Violetta,F
Viollette,F
Viviane,F
Vivien,F
Vivienne,F
Voleta,F
Voletta,F
Warrane,M
Wiatt,M
William,M
Wyatt,M
Xarles,M
Xavierra,F
Xavierre,F
Ynes,F
Ynez,F
Yolanda,F
Yolande,F
Yolanthe,F
Yolonda,F
Ysabel,F
Yseult,F
Yves,M
Yvet,M
Yvette,F
Yvon,M
Yvonna,F
Yvonne,F
Zara,F
Zdenek,M
Zuri,F
Zuria,F
Zurie,F
